k,metric,value
2,silhouette,0.213933613209532
3,silhouette,0.158501522526181
4,silhouette,0.142953603081381
5,silhouette,0.135016907754049
6,silhouette,0.128907973012715
