distance,term,R2,p,p_fmt,q,q_fmt
Bray-Curtis,Group,0.00815605533063011,0.001,0.001,0.001,0.001
Aitchison,Group,0.00511623503555544,0.001,0.001,0.001,0.001
