term,R2,p,distance,q,p_fmt,q_fmt
Group,0.00815605533063011,0.001,Bray-Curtis,0.001,0.001,0.001
Group,0.00511623503555544,0.001,Aitchison,0.001,0.001,0.001
