k,metric,value
2,silhouette,0.141726494200028
3,silhouette,0.152377076932456
4,silhouette,0.17683062202827
5,silhouette,0.193790901362533
6,silhouette,0.172565390330057
